62285|94|16250.0|10336.618
81518|17|25370.0|20226.404
37826|32|22688.9|24318.908
19515|32|32756.5|27449.951
37826|32|29012.9|34794.887
35465|32|15776.712|17562.254
37826|17|54260.0|57524.984
94968|32|23730.0|7178.794
2913|52|20842.0|5343.9883
2913|52|20842.0|5343.9883
49345|40|6422.168|6052.0474
53259|59|1260.0|535.74725
92853|17|1396.8|1109.6202
55370|17|352.0|406.765
35888|59|1679.6|-104.356224
27166|59|44.2|-35.562115
1777|59|486.2|604.6755
44355|59|509.6|469.67734
1592|32|234.828|1030.2688
966|32|48.015|965.20154
966|32|48.015|965.20154
5377|40|6584.578|3798.8127
2309|52|579.0|1846.2313
49345|40|3859.856|3533.2021
21119|59|487.8|308.8993
35888|59|2059.6|842.56696
73332|32|1629.584|3658.5378
1592|32|14051.728|9322.178
10999|32|2944.228|6917.436
966|32|2873.14|6108.061
71061|32|9484.324|6960.508
39360|32|11984.252|7504.5312
2309|52|3061.5|13149.734
2309|52|3061.5|13149.734
2913|52|17348.5|13488.887
53259|59|480.0|788.5652
92853|17|825.6|1116.0895
17434|17|481.6|747.55493
55370|17|1304.0|2250.4763
55370|17|1304.0|2250.4763
13802|59|2140.0|1672.548
59388|8|6860.0|4680.1367
55370|17|2872.0|1922.2242
35888|59|3082.656|1275.2838
27166|59|3.94|351.5384
966|32|710.04|2274.8767
966|32|710.04|2274.8767
71061|32|2343.864|1987.9252
39360|32|2961.672|2686.7722
13802|59|1920.0|3444.5076
2913|52|13838.0|6238.171
49345|59|380.94|2744.288
30936|59|488.766|-61.070496
17422|17|146.4|457.2065
94968|32|19190.0|10368.496
5377|40|3604.744|3771.0234
53259|59|1100.0|-749.41956
1592|32|5386.812|1859.4622
1592|32|5386.812|1859.4622
10999|32|1128.687|1972.4225
5377|40|3660.657|5982.1333
49345|40|2145.864|7369.462
49345|59|192.01|3906.6865
49345|59|192.01|3906.6865
30936|59|261.29|347.8283
68718|52|9060.0|9716.277
64042|59|28400.0|20389.203
50528|4|40397.67|33862.125
68145|52|9201.818|8758.385
20693|52|15995.081|12361.811
55225|32|13167.0|13454.481
68807|17|11160.0|5793.218
56788|59|10.0|12158.436
92583|87|6410.0|3611.8435
99146|17|6480.0|6794.022
67670|17|798.0|4530.2217
28410|17|32550.0|8462.83
28410|17|32550.0|8462.83
35410|17|12432.42|10256.617
24382|17|3565.0|4241.2285
8332|17|4663.186|4931.296
33453|17|3124.6|8357.808
91148|17|6065.4|9242.776
31899|17|9750.0|6702.223
98140|84|3851.4|3189.065
71300|68|6250.0|6408.7974
18158|81|10830.0|10412.393
81034|68|12950.0|10859.725
81034|92|4223.126|6195.54
11587|68|1604.3|5929.919
40675|59|2047.0|4109.02
68936|40|7830.0|8565.373
81073|52|16100.0|13003.049
17183|43|2100.0|2470.3584
72130|52|3059.0|10080.252
68145|59|7580.0|10120.548
90901|59|40927.3|25232.588
92583|17|2101.0|4263.607
11395|17|9360.0|21968.762
67670|17|263.0|2954.536
13313|17|1448.26|3917.3188
13313|17|5077.99|7164.673
28410|17|1841.0|10789.145
28410|17|22239.0|12551.694
24382|17|4476.0|4394.2876
66801|17|4862.368|4659.2075
8332|17|1875.328|5676.3916
20456|59|17740.0|10598.504
85546|68|11821.609|8369.235
11536|32|6260.0|9037.927
74427|17|2284.2|3715.0234
21807|59|7090.0|7086.955
88691|17|3553.2|4685.7236
4593|17|1393.0|5450.8887
14735|84|5220.0|7800.9253
38481|59|8470.0|4113.034
38481|59|8470.0|4113.034
84689|59|4280.0|11321.033
71833|68|1446.66|2572.8062
93435|17|14496.6|9183.861
93435|17|14496.6|9183.861
11587|59|7650.0|6769.445
66472|17|3165.744|4903.4976
91040|59|6170.0|7097.937
70752|84|9090.0|7917.8384
74003|59|16750.0|11325.015
81073|40|1470.0|4428.9604
17183|43|510.0|1278.749
97861|59|1940.0|465.32056
72130|52|1162.0|4350.9023
2916|17|3094.0|3313.73
37363|17|10491.904|9342.456
92583|17|1791.0|4489.474
99146|17|6060.0|1802.0598
30114|59|2363.0|4025.1633
56863|17|922.0|3969.9934
47465|17|1540.0|1338.6392
11536|32|3300.0|12898.087
10091|87|3080.0|5026.8145
88691|17|705.6|4715.5166
84689|87|20500.0|12561.728
34190|68|16908.328|14519.231
18158|81|5450.0|2520.3906
71833|68|1813.26|4655.3833
93435|17|12637.35|7735.48
91040|52|980.0|-267.61505
91040|59|1580.0|1927.0748
40675|59|1035.336|1209.35
54960|68|8801.408|11307.223
81073|52|11770.0|12074.05
72130|52|3111.0|3878.7527
68145|4|14353.416|13544.978
2916|17|12631.0|10374.434
96847|17|1846.5|5503.8525
37363|17|7211.985|6296.742
27360|17|3406.288|13370.594
61062|94|12620.0|6479.327
93970|59|8695.0|11346.757
93228|17|2483.976|5716.0986
69576|68|5487.408|10993.666
31899|17|5936.4|10314.19
45742|9|1290.0|1715.3397
11536|32|8310.0|11443.801
75171|17|6271.3|6399.591
98140|59|31702.0|23261.76
10091|87|4820.0|6029.591
85548|32|9050.0|12889.089
85548|26|36590.0|22892.37
85548|52|2278.4|7821.879
71300|84|11050.0|5509.488
71300|52|4841.6|7425.7827
92187|17|9622.8|8358.26
37514|87|6190.0|5332.9854
84689|92|2869.44|6201.255
84689|59|2540.0|8205.172
93435|81|13570.0|10653.602
93435|26|1000.0|7581.499
81034|92|8890.56|4636.6973
81034|92|8890.56|4636.6973
91040|81|2580.0|4260.8447
40675|59|1049.796|2865.5273
70752|84|730.0|5519.197
68936|40|11720.0|8422.102
81073|32|5270.0|9723.335
3860|52|12393.0|12480.467
72130|52|1377.0|2285.5535
523|32|1225.824|4028.7966
68145|52|6911.674|6349.6553
68145|59|8890.0|9254.719
44625|17|1929.375|2464.8167
37363|17|8475.135|10017.537
90901|59|12126.3|25061.234
90076|15|1243.404|16266.761
92583|68|6160.0|6068.7705
92583|43|11990.0|5134.9165
97941|17|990.0|2287.9722
57440|32|12200.0|9203.227
79550|59|11090.0|10651.877
79550|15|10530.0|11933.278
67670|17|371.0|4471.064
13313|17|2553.75|4895.58
56863|17|6176.0|7287.1494
49130|17|7520.0|5354.61
66801|17|12328.668|5731.981
85548|40|3790.0|7211.0625
5308|59|8840.0|7547.7593
92187|17|6373.08|5035.965
37514|87|4350.0|3942.9749
38481|59|4613.092|5602.1836
84689|87|11530.0|6527.475
84689|59|2680.0|6138.8975
18158|81|7950.0|6700.889
93435|17|10910.949|5156.1235
93435|17|10910.949|5156.1235
81034|68|5060.0|6050.7573
81034|92|2215.08|1019.6492
66472|17|2385.971|6981.876
70752|84|16660.0|12729.928
17183|43|4190.0|3845.9988
72027|4|6133.75|4930.6255
72027|4|6133.75|4930.6255
19272|81|2071.0|2672.019
3860|52|16740.0|13813.243
85001|15|5110.0|3984.4375
68145|26|1303.04|4301.4336
37077|59|75.802|-1246.6168
37077|59|75.802|-1246.6168
92583|87|3490.0|8062.594
92583|17|1709.0|2981.6213
55518|40|660.0|2651.885
61062|9|8190.0|5998.3525
99146|17|3300.0|2112.7917
56863|17|4434.0|4363.249
93228|17|2460.502|752.88074
91148|23|14520.0|11182.786
45742|9|1950.0|2051.556
98140|26|26380.0|19557.39
85548|26|24599.952|23657.312
38481|59|1570.868|2655.0198
71833|94|4030.0|4381.334
93435|17|3638.832|4700.821
81034|17|7790.0|6254.496
66472|17|795.728|1183.541
68718|52|7870.0|8924.051
17183|43|2950.0|4639.2617
50528|4|41379.696|41576.332
97861|59|1650.0|681.8685
20693|4|9755.064|9842.571
2916|17|2490.5|3664.2844
34500|32|3504.711|13760.539
11395|17|20770.0|14942.113
61062|94|8470.0|9539.821
30114|59|7743.5|8027.388
2716|26|22140.0|12345.86
39979|17|3393.882|3117.5044
33453|32|12048.453|9306.062
31899|17|6257.7|5156.93
45742|9|3180.0|4325.341
11536|32|5160.0|9076.517
85548|32|13960.0|16025.007
85548|40|5380.0|5410.798
88691|17|15050.448|13455.417
14735|26|5109.5|7084.926
2083|26|13340.5336|11147.788
2083|52|6140.0|5062.48
18158|81|8260.0|4758.4814
40675|59|448.26|1513.55
88928|40|37620.0|19565.832
55814|81|9740.0|9781.387
55814|81|9740.0|9781.387
55814|81|14340.0|18442.1
6321|59|6606.3|4543.8667
18939|59|4223.7|3414.3215
74473|59|15530.0|6213.347
74473|59|15530.0|6213.347
69264|32|19668.0|18007.525
69264|32|19668.0|18007.525
80170|32|5127.5|12355.823
80170|32|5127.5|12355.823
1270|9|9530.0|11329.864
64499|32|10255.0|12328.038
84904|32|5127.5|10235.145
61978|17|17920.0|8863.322
47401|68|3945.0|6648.076
14470|17|22050.0|23232.404
18139|17|7110.0|4751.9673
26997|81|1588.39|2712.786
16747|17|2473.96|3737.5627
32795|17|4685.914|8080.648
32795|32|36540.0|28629.469
9474|68|580.0|2316.624
26725|68|1990.0|2647.1187
70539|59|8540.0|4624.0474
65935|52|1727.6|3514.6042
57191|32|24000.0|18268.271
41027|32|12800.251|11040.2295
98995|17|1880.0|2819.0093
31622|59|1197.8|3100.0315
8041|17|272.0|1331.9204
71788|59|768.4|-495.33047
71788|59|2278.0|1881.5013
86229|59|871.0|2838.8965
47874|59|3190.0|1974.8722
31890|68|7930.0|4929.2344
51311|59|717.5|1476.5499
54396|59|2510.0|2577.7383
43780|68|2250.0|2924.7368
73443|17|2130.0|3050.3235
49541|17|2950.0|6672.4507
89768|52|14740.0|10681.426
80170|32|6092.5|15804.448
80170|32|6092.5|15804.448
94886|32|26902.668|21273.752
85950|9|11644.165|12414.533
84904|32|6092.5|12872.677
95008|17|5060.0|4026.316
58567|17|22810.0|15870.787
14470|17|23300.0|18386.58
93417|59|11840.0|11808.294
51796|68|680.0|4109.3735
39311|17|4540.0|6423.18
9474|68|510.0|1908.8623
2486|68|9780.0|7323.5283
25015|32|8986.061|13056.3955
87552|52|4643.6|8480.041
3969|87|863.5|2661.9502
98995|68|2402.858|1588.9521
47874|59|3110.0|2186.1885
70157|59|1860.0|2375.3748
62521|59|393.0|588.58307
75832|59|524.0|-68.86116
43780|68|2060.0|2295.7239
89768|52|4660.0|6941.1714
80170|32|4197.5|6703.0015
80170|59|3040.0|3846.9026
80479|52|12550.0|7221.042
70520|9|6.815|4061.0825
70520|9|6.815|4061.0825
94554|59|5480.0|8470.408
95008|17|2350.0|-342.63513
55618|32|3374.0|15614.229
14470|32|64106.0|45164.066
14470|17|14610.0|27552.037
14470|17|14610.0|27552.037
18139|17|5920.0|3403.4622
13871|68|9480.0|7747.722
13871|17|3400.0|4780.877
51796|68|720.0|7699.622
51796|68|720.0|7699.622
41607|81|1267.136|4060.1123
9474|68|350.0|2826.0093
85840|87|21112.0|12967.712
78565|8|858.33|2838.4143
27922|81|2892.864|3993.585
91752|17|4310.0|5603.4473
50441|59|3420.0|3724.3835
57191|32|19690.0|16610.604
67224|68|810.0|4239.7046
98995|68|2923.395|2986.4062
98995|17|820.0|2636.9597
31890|68|5951.07|3713.7712
42448|9|2290.0|1512.9662
85407|59|2283.463|859.36523
51311|59|706.537|1487.4836
43780|68|1440.0|3284.1748
94033|52|3120.0|7471.307
38272|87|4380.0|6120.7725
57254|59|7430.0|10051.234
48816|15|4960.0|12884.152
85950|9|10354.59|10908.559
87878|15|33150.0|25718.613
49305|9|11620.0|13916.037
14470|17|17290.0|23731.69
32795|32|45050.0|29258.424
39311|17|4060.0|4999.189
85840|81|8710.87|6893.9585
85840|87|18096.0|15720.423
58378|81|6269.13|5819.704
26725|87|2800.0|2982.7979
50441|59|6850.0|6932.8276
70407|17|3280.2|3708.8528
24195|87|4720.0|5220.1846
69387|87|4940.0|5272.2773
38557|59|1150.0|2177.5786
67224|68|1110.0|3506.6726
31622|59|1319.7|5288.351
86229|59|323.7|3895.9924
47874|59|2700.0|1345.0669
42448|9|2640.0|3017.079
85407|59|2252.915|2734.9524
51311|59|2431.527|3741.169
99108|52|5750.0|6838.461
82727|17|3030.0|4727.25
49541|68|14940.0|12631.89
74473|59|9850.0|9138.952
57254|32|14110.0|13770.805
80479|52|18990.0|8860.555
96975|23|3920.0|12600.439
87878|15|24870.0|15926.572
58567|17|20280.0|16291.11
49305|9|13620.0|13368.633
14470|32|61910.0|42187.645
13871|59|2800.0|5012.148
36918|17|9950.0|7236.7646
32795|32|31140.0|22723.27
39311|17|5340.0|5518.65
85840|81|6076.675|5718.285
26725|68|1380.0|3671.4526
50441|59|4530.0|5817.8735
50441|59|4530.0|5817.8735
35052|87|10730.0|10132.074
69387|87|2150.0|4728.3247
69387|87|2150.0|4728.3247
98995|68|2543.477|2236.3538
31622|59|3364.284|6669.97
71788|59|2118.347|3039.7156
42448|9|3440.0|2967.002
85407|59|2787.505|1344.7283
51311|59|732.53|5035.2256
73443|17|4280.0|7003.8315
38272|81|9200.0|6236.579
38272|81|9200.0|6236.579
80170|59|6830.0|8405.227
8269|32|14110.0|13597.735
63181|17|10460.0|8354.846
63181|17|3750.0|16423.73
85950|9|6975.675|8134.4688
36094|94|6010.63|12557.518
36094|94|6010.63|12557.518
78273|94|18039.37|14798.518
64499|32|11730.0|11392.081
58150|52|7970.0|8017.95
77867|81|1870.0|4488.1855
58567|17|8120.0|13479.501
18139|17|2550.0|8562.884
18139|17|2550.0|8562.884
18139|52|5330.0|8831.829
48890|48|12010.0|11164.008
13871|17|3920.0|5052.419
13871|32|9574.448|7581.336
41607|59|2810.0|3867.9297
12574|32|12000.0|12480.999
36918|17|8940.0|5106.668
67512|9|4679.008|1092.1647
62977|52|20380.0|18299.398
26725|68|1000.0|1505.7279
50441|17|5020.0|4746.1543
82023|43|11450.0|14362.714
79653|59|11450.0|9902.344
69387|87|4060.0|2988.894
5844|26|14274.72|11097.576
38557|59|810.0|767.54663
42448|9|2990.0|1643.6434
73443|17|4880.0|3179.8965
49541|87|27790.0|19085.178
49541|87|27790.0|19085.178
38272|71|1353.642|2185.447
38272|17|5300.0|5016.2783
57254|32|10760.0|8803.804
80170|32|4927.5|9617.484
80170|59|5270.0|7958.0254
63181|68|7100.0|5751.0024
48816|15|13310.0|12613.765
1270|9|11788.348|8589.678
1270|94|602.784|108.6323
78273|94|4796.064|5554.7246
70520|9|164.872|-888.99274
84904|32|4927.5|7866.9004
8690|43|2960.0|4546.2056
49305|9|5980.0|9327.424
89440|40|9240.0|11055.967
13871|59|3850.0|4121.602
13871|32|10038.96|5554.0034
32795|26|14930.0|16216.869
32795|59|31890.0|28779.656
62977|87|6430.0|3093.712
62977|52|21530.0|21950.91
51031|8|3535.672|6900.5444
26725|87|1890.0|3805.8025
82023|43|25380.0|25396.35
79653|59|15450.0|15557.861
5844|26|182.16|3733.3015
40447|26|147.84|3171.0154
67739|9|18230.0|15838.708
25015|32|13491.495|9312.296
98995|17|970.0|-241.50526
31622|59|3336.48|2328.3335
71788|59|2100.84|1145.1919
47874|17|2250.0|2454.1926
85407|59|809.267|2539.4587
63510|59|131.252|1106.9935
63510|59|186.428|1458.0587
18642|59|750.0|2109.73
82727|17|3550.0|2633.9248
82727|17|3550.0|2633.9248
49541|87|29190.0|21638.707
86971|81|3370.0|-1513.8743
18632|52|25390.0|11280.52
80268|81|7929.0|5847.133
80268|81|7122.0|5411.8013
36535|59|920.0|3943.5486
18632|52|21540.0|16071.519
86971|81|10720.0|9022.341
81093|17|5000.0|5762.908
43806|17|2700.0|5723.7065
83373|81|7395.2|21246.441
81093|17|3750.0|8714.436
80453|81|3650.0|4981.0547
83373|81|9856.0|12412.965
59519|81|4660.0|10828.952
36535|17|2260.0|3454.658
81093|17|1950.0|2305.3826
62259|94|1260.0|-1130.564
53704|59|870.0|6810.42
71993|59|2315.3|2435.992
23093|52|8521.038|15436.441
67923|87|9500.0|11852.803
13733|59|7084.0|7878.6094
25104|87|12690.0|18380.12
25104|87|12690.0|18380.12
69470|40|4247.824|5304.652
72495|40|16231.376|12268.104
71993|81|650.0|4176.432
69470|40|5224.032|7063.7017
23093|40|14080.0|10740.569
69730|52|4659.066|4275.3164
71993|81|6840.0|7814.746
77440|59|3297.294|4412.1763
67923|23|8260.41|10245.584
66451|59|9132.615|7603.88
69730|52|7543.557|7562.1104
67923|23|21583.185|18532.822
71993|59|9703.696|8514.6875
95601|87|3163.075|6263.6016
13333|94|8140.0|8284.039
42787|40|9085.6|7172.5063
23093|52|493.033|1101.2535
66451|59|9510.0|10680.764
25104|59|33570.0|29040.344
17977|92|19260.0|8896.806
23445|59|2510.0|-14031.764
68221|59|6272.0|26216.064
9944|32|12970.35|12888.458
57397|52|3946.8|-1098.0096
84174|32|1930.0|1623.467
84174|59|9048.44|9099.665
84174|52|6279.0|3620.603
34244|59|24210.0|23421.457
57397|55|761.2|893.2285
53298|52|4467.7|-105.22553
49636|87|7340.0|6745.377
49636|87|11000.0|18239.943
49636|87|11000.0|18239.943
49636|17|125110.0|110030.65
84174|87|8620.0|8729.213
84174|59|7771.512|14708.959
84174|59|7771.512|14708.959
34244|59|13810.0|17586.465
9944|17|8038.8|13402.371
9944|17|8038.8|13402.371
53298|87|2736.18|744.5097
53298|59|1528.832|26.045065
49636|52|22510.0|31723.766
49636|81|3550.0|12889.123
84174|17|4449.864|4341.783
84174|59|7042.056|8893.606
61478|32|4305.99|4352.5845
23445|59|1146.816|-6123.195
53975|17|17790.602|16951.215
57397|17|8259.812|10660.271
53298|17|220.315|338.04086
53298|17|1991.87|6739.558
53298|59|10205.591|18574.135
84174|87|9475.4|8410.9375
84174|59|2024.259|239.30502
84174|52|13545.075|10381.753
61478|32|10181.25|9963.662
18438|59|7804.251|6860.858
49636|17|78920.0|50659.008
49636|17|78920.0|50659.008
87439|87|13773.067|12804.375
53975|17|18012.656|18913.293
36123|15|53180.0|49452.742
49636|81|3580.0|5150.919
34244|32|6352.52|10624.434
9944|17|7814.928|7858.3003
49636|17|48060.0|54098.895
64738|52|910.0|4536.7354
64738|52|3950.0|3485.1516
24951|17|5210.0|1050.1274
9734|52|1360.8|3742.9634
75428|59|1921.928|5507.9033
17034|59|2979.2|3015.884
21215|17|1263.6|3729.7578
21215|17|1263.6|3729.7578
74004|52|7280.0|2012.9077
23812|59|2470.0|2649.7092
30295|87|4650.0|4029.0813
54397|87|989.88|2735.8704
15443|87|3662.264|3289.995
45533|17|847.8|1296.4814
75464|81|2230.0|1289.1194
47709|81|1170.188|1703.9281
9209|59|4083.642|5731.2837
8986|59|2896.746|6068.434
15328|59|2897.697|6628.2554
91179|17|11184.459|11045.028
91179|17|11184.459|11045.028
59892|17|77727.54|45271.16
19740|32|1870.0|7731.515
21798|59|7100.86|3240.7922
36335|17|8124.0|5732.2476
23942|81|6070.0|2417.407
23942|81|6070.0|2417.407
43129|59|1440.0|1829.1978
58685|52|2670.0|4951.987
30343|17|1780.0|4221.5957
53135|17|2670.0|2820.2058
50647|17|2670.0|3494.0095
90968|59|980.0|5825.1265
35752|59|2206.8|4048.6638
89097|17|8124.0|6021.0483
40468|17|8124.0|2823.3691
76361|59|3824.0|5148.787
57203|59|1491.512|3282.8745
55014|17|11730.0|5801.87
87148|68|1680.0|3753.6587
21394|52|9760.0|4205.1445
72387|59|3824.0|5307.0566
2526|59|250.0|1228.1361
64919|59|9690.0|3037.9446
64919|59|9690.0|3037.9446
89842|17|1955.0|2901.5012
21481|52|1205.0|2565.3167
62440|59|1280.0|2389.2292
33490|40|1450.0|5163.197
11456|59|3837.9|2327.1199
11456|59|3837.9|2327.1199
98571|17|200.0|1708.3949
85049|59|2490.0|2817.2915
42915|40|1010.0|645.9706
22596|17|870.0|2193.5435
96038|17|1494.0|1059.54
47053|59|3088.7|1696.872
27410|17|1338.0|2036.1588
71419|17|1992.0|2699.4058
26539|17|7355.385|2370.1394
48615|81|2920.0|2871.5535
3007|17|1303.515|653.36597
60357|17|1679.696|10593.139
26100|17|1291.998|815.04395
13587|17|894.487|1799.1257
13199|68|1770.0|2600.6836
57868|17|2980.0|4013.8464
812|68|4150.0|3235.1167
55693|52|3363.0|9669.288
49929|59|1315.96|3386.4724
34315|59|1188.623|4790.6772
62869|59|1385.498|2015.954
25885|52|88.5|8685.174
25885|52|88.5|8685.174
23974|59|3090.0|2195.5437
24060|59|1190.0|2781.2263
72315|59|319.77|859.739
75402|59|2510.0|1271.1454
18094|59|1071.61|3252.383
18094|59|1071.61|3252.383
75428|59|3213.82|5457.498
97845|59|625.1|1192.6339
54133|17|780.0|1412.6433
24392|40|223.628|1936.4044
35719|40|11460.0|8722.449
23812|59|4400.0|2283.3843
91251|59|975.0|917.89716
54823|59|2850.0|1077.1958
45533|17|1120.5|565.62787
91543|32|1088.7|2770.9966
26831|17|673.44|4036.1643
36708|17|2110.0|3898.257
36708|17|2110.0|3898.257
26730|17|246.0|-190.0143
91179|17|6360.744|5073.5625
91179|17|6360.744|5073.5625
67767|52|2850.0|1786.3271
36335|17|2843.148|4808.918
23942|81|4930.0|2336.0903
99377|52|560.0|240.30962
99377|52|990.0|2620.416
65393|59|436.5|740.1802
27119|9|275.0|424.97458
58948|17|164.0|3046.9392
58948|17|164.0|3046.9392
90969|17|18878.702|6438.069
57203|59|1091.925|1960.656
28134|59|6643.665|2834.959
19148|81|1200.0|3900.2942
21394|52|3160.0|3160.408
5548|59|3202.0|3551.6973
71520|9|1870.0|448.8892
66010|59|4160.0|4063.161
21481|52|1890.0|2684.9407
98871|52|1890.0|3446.6077
90537|59|3547.266|4110.426
77505|17|350.0|4019.7583
45849|17|350.0|4621.109
63209|17|2170.0|1527.0751
98571|17|150.0|2760.0679
39939|87|9220.0|8618.032
39939|87|9220.0|8618.032
82511|59|7770.0|4038.5085
46130|59|770.0|4369.8516
56834|32|9410.0|6176.889
56834|32|9410.0|6176.889
53079|17|1335.528|291.2541
96004|17|2211.84|1408.8644
47053|59|3752.0|2268.8518
26539|17|3735.285|2918.7644
26539|17|3735.285|2918.7644
36468|17|3630.0|4365.559
59124|17|540.0|1645.0422
91975|17|540.0|1545.1346
48615|81|25150.0|12866.641
79253|17|71.37|1078.5593
85201|17|383.175|-702.2382
15770|32|1730.56|1821.218
26100|17|1080.984|938.31635
66871|68|2106.0|2374.763
6132|52|250.971|4824.1226
26979|17|1863.596|1495.8922
84804|17|5674.616|20915.854
87539|59|1821.0|2301.8706
20253|59|1804.774|3313.2498
49034|59|1662.626|3039.8552
7440|68|1680.0|1754.4735
77069|59|7070.0|8494.106
3931|17|3210.0|4193.4507
18094|59|537.927|1074.6139
18094|59|174.004|1467.1696
74004|52|4850.0|2176.756
22976|32|14740.0|14178.109
8982|17|2410.0|1847.5396
17068|68|1330.0|2575.218
20186|17|1168.0|1921.7695
20186|17|1168.0|1921.7695
30409|15|1631.52|5047.7285
75037|15|2488.48|11458.833
75037|15|2488.48|11458.833
85069|81|277.039|3683.7131
26730|17|660.0|-27.620161
83328|17|620.0|3220.9026
59892|17|50304.0|32512.574
69033|40|1936.12|6721.404
69033|40|1936.12|6721.404
95959|17|970.0|8817.664
95959|17|970.0|8817.664
21798|59|9999.35|2221.1448
36335|17|3211.695|3495.4385
27546|32|5470.0|5838.106
27224|40|5000.0|5299.301
27224|40|5000.0|5299.301
91445|59|2230.0|1867.7368
51832|9|1230.0|3018.662
3325|59|2918.4|1701.4136
19148|81|760.0|3876.1116
61109|59|890.0|1020.5595
71520|9|1842.5|1153.6548
21481|52|560.0|1866.932
86237|17|171.255|-41.03658
55644|52|1250.0|1003.6059
82511|59|4080.0|1984.1339
42915|40|440.0|1527.8978
91517|59|1105.5|1252.3354
11559|17|4058.515|1380.7354
6307|17|10510.723|2367.7668
26094|17|3032.344|340.6362
91249|40|10570.0|4008.5933
77107|17|1124.0|180.19019
74974|15|181.776|2186.6807
74974|15|181.776|2186.6807
74812|17|278.256|1309.1846
32660|17|1480.0|1332.1356
91975|17|395.0|891.1215
3007|17|705.915|1588.9441
24945|32|2013.916|3049.8894
67292|43|900.0|1665.4242
42384|59|480.0|849.00714
17552|59|2560.0|1889.2739
72782|59|980.0|738.7269
36122|59|5919.2|2085.0981
62869|59|2615.2|822.80396
95287|40|12388.896|19162.021
75075|17|3910.0|4164.1157
3579|32|426.684|4995.8784
72315|59|148.665|865.5376
47258|40|11276.448|7818.3994
35284|59|2410.0|2853.9033
75428|59|3888.404|5645.98
77616|17|1260.0|1264.9047
21215|17|1084.2|3177.1926
17068|68|2380.0|3748.5225
20186|17|4496.8|3044.4546
75464|81|2390.0|682.8416
95961|17|2520.0|1467.262
91543|32|2097.6|5512.7065
15328|59|1872.804|3544.6938
18408|59|2354.718|3060.7017
91179|17|9318.309|15082.4375
69033|40|2564.86|6454.9346
23942|81|5740.0|5917.586
27546|32|6590.0|6877.272
3494|59|1469.65|1360.8225
99377|52|2160.0|4808.796
32730|59|9890.0|7717.1587
28134|59|4095.322|3768.549
28134|59|4095.322|3768.549
12592|59|181.83|2688.1897
80461|59|871.508|774.3764
48720|59|2030.743|4537.11
64919|59|8960.0|5100.7373
98871|52|885.0|3421.4902
10117|59|4254.55|6420.692
55644|52|5780.0|4952.7026
33490|40|3310.0|5711.937
63209|17|4930.0|6806.8457
39939|87|9910.0|8839.733
46130|59|229.5|1390.6884
38764|59|2485.748|1914.1105
56834|32|16180.0|14675.543
6307|17|8309.687|686.12885
6307|17|8309.687|686.12885
68565|17|1063.368|2549.2764
74974|15|181.776|1524.4294
27410|17|812.709|2209.832
71419|17|2943.355|1563.5912
48615|81|21220.0|15053.517
3007|17|922.545|1483.5773
24945|32|5036.229|5354.606
57864|17|1845.0|2049.3958
85201|17|320.95|-923.15546
85201|17|320.95|-923.15546
15770|32|2460.315|6742.7915
13587|17|633.061|1476.2307
42384|59|1145.0|576.7148
88023|9|2056.5|3156.0107
13751|52|34620.0|20962.994
49929|59|1472.272|1963.4803
99282|59|9070.0|6879.3716
95287|40|14472.432|21914.72
52069|40|15440.0|12516.59
23974|59|2150.0|2520.1426
9086|26|5635.37|7348.7656
75428|59|1832.832|4769.8867
66349|59|108.432|1687.9906
74722|59|3850.0|1851.797
77616|17|1260.0|1213.4851
23630|17|6937.14|1989.7507
23630|17|6937.14|1989.7507
23812|59|2136.134|4685.4478
22976|32|13890.0|10459.403
15443|87|1505.04|1683.5769
91251|59|1060.0|923.9045
5380|32|4503.6|2966.7878
75037|15|4125.32|5958.004
52835|59|3670.8|2840.5403
8986|59|1973.72|2048.1177
91179|17|7599.189|10107.637
27224|40|4450.0|5519.096
88841|52|4620.0|-286.10324
50647|40|1419.215|4439.94
98346|40|3294.445|4523.26
75379|40|150.5|3961.1936
5548|59|2199.312|3651.308
26807|17|3150.0|5106.319
66010|59|4350.0|2937.3027
90537|59|3609.506|5574.0884
17343|59|1699.36|3085.2007
10117|59|2861.134|6211.265
30057|59|137.12|1854.3414
1022|17|2500.0|6093.43
1022|17|2500.0|6093.43
42915|40|530.0|850.54083
11208|40|28440.0|9264.244
6307|17|2716.214|1611.2163
91249|40|6462.0|4575.4575
74812|17|413.91|965.4548
47053|59|4250.686|2372.43
27410|17|1027.947|1542.6869
71419|17|962.162|1453.3187
30652|52|4017.972|2803.95
7104|9|3180.0|5264.1045
24945|32|4716.234|5284.384
79253|17|61.61|2185.4607
79253|17|61.61|2185.4607
85201|17|330.775|-800.241
26100|17|1725.132|1146.2798
13587|17|1194.358|2632.1157
17552|59|1350.0|1828.1536
55693|52|2385.726|5361.93
34315|59|1042.44|4384.5757
27129|59|9653.5|2419.4822
3579|32|83.433|2341.733
23974|59|3640.0|2110.248
10547|15|4110.0|12876.617
49034|59|2243.738|2336.1865
3032|59|380.304|624.40155
24951|17|2324.0|1121.5691
77069|59|4256.847|5279.9956
75428|59|1788.6|2300.8242
87207|59|1471.8|3184.3047
35719|40|12330.0|6814.7085
2874|87|575.622|530.34534
2874|87|575.622|530.34534
15443|87|1774.693|990.8252
85952|87|89.154|391.48334
18408|59|1536.156|2228.1726
9613|55|12770.0|12132.851
91179|9|6575.58|8146.053
50386|40|1643.28|2871.2715
61845|59|1455.36|1326.1831
67767|52|3910.0|1980.0209
27546|32|5590.0|4913.9414
88841|52|2060.0|1893.4348
13303|32|6660.0|6536.921
58685|52|1831.34|1577.094
53135|40|837.456|1752.0956
6732|59|227.976|382.70084
13708|52|8007.111|6020.424
5276|59|1420.0|751.4246
5276|59|1420.0|751.4246
69939|40|3680.0|2610.4333
97945|59|1935.0|1439.393
89842|17|1190.0|1453.4233
17343|59|2147.41912|1180.5967
70658|17|1383.27|1448.655
39939|87|11460.0|6857.0493
67974|40|14234.0|10082.337
11559|17|3306.0|2596.5535
47053|59|635.116|2322.9531
27410|17|1099.89|1381.777
26539|15|16470.55|14018.059
98265|32|17160.0|12316.837
48615|81|25770.0|16009.674
7104|9|3620.0|3403.3936
35100|32|7700.0|6837.044
48453|17|7750.0|3686.2144
48453|17|7750.0|3686.2144
88023|9|1962.0|816.73376
17552|68|2457.6|2876.0735
49929|59|442.552|275.50726
49929|59|442.552|275.50726
25885|52|386.75|1542.624
72315|59|108.273|-246.63022
75402|59|1423.088|911.6706
47258|40|9137.52|11752.156
71533|59|7110.0|7035.067
18094|59|370.148|1000.42926
77616|17|1320.0|1217.999
23630|17|4496.94|4186.2207
74004|52|5280.0|1772.1752
22639|40|1710.88|2671.677
54397|87|584.775|1202.4331
2874|87|701.73|1129.268
75464|81|4160.0|4027.8462
12970|17|4140.0|1394.228
447|40|2037.34|2601.149
36708|40|2369.515|4376.6533
75037|15|2016.024|2066.575
9209|59|3617.284|3372.9653
83328|17|832.115|1745.8778
59892|9|9948.978|13783.945
19740|32|2430.0|2920.1255
19740|17|5310.0|7303.3276
26954|59|5927.04|5137.241
95661|59|2387.28|2437.0332
27546|32|4700.0|3550.1099
27224|40|3830.0|2952.0068
88841|52|4580.0|2174.6638
99377|52|2460.0|2467.634
58685|52|1470.532|1004.10065
50647|40|1826.591|2355.392
98346|40|4240.093|3497.5952
32730|59|10400.0|9698.701
52767|17|1426.425|143.73914
77527|52|7350.0|4562.3423
76361|59|1499.172|1698.6013
6732|59|377.016|633.13245
21394|52|1451.875|975.2234
48720|59|699.722|1617.3871
69939|40|2390.0|2120.9556
64919|59|10180.0|6757.72
17343|59|1233.232|859.66895
42915|40|530.0|1012.45807
56834|32|5790.0|10651.242
6307|17|3643.875|3654.7642
26094|17|1059.39|351.12442
91249|40|10003.176|7864.739
53020|15|1103.49|1906.2942
26539|15|8946.51|10152.544
32660|17|2020.0|3349.7874
30652|52|2589.468|1397.6748
36468|15|17240.0|14316.917
91975|15|1169.0|1677.2635
48615|15|8940.0|11535.509
7104|9|4290.0|4155.3936
57864|17|1510.0|1445.1466
65991|15|15740.0|14157.382
13199|68|1610.0|2411.2344
13199|68|1610.0|2411.2344
42384|59|847.5|644.3629
17552|68|2491.2|4312.7285
13751|52|23060.0|28438.035
49929|59|983.488|559.9867
84804|32|104910.0|107819.24
95287|40|17342.208|14090.053
47921|32|44076.221|27806.398
48626|32|26549.054|23039.762
14001|81|7470.8|8054.046
48410|68|2440.0|5539.3037
39664|59|3910.0|7233.517
41325|17|2470.0|1623.9698
3010|68|4430.0|7454.0938
93182|40|606.9|2186.1611
24404|32|48354.208|41957.207
70378|9|4080.0|4330.4404
86582|17|63540.0|54005.055
13054|17|24596.2236|18414.861
59317|17|6995.469|6817.5283
75065|59|3831.3|4414.2676
18976|32|19850.0|27534.387
33751|17|4030.0|6795.729
87611|81|16900.0|2746.6538
48093|59|6686.064|6375.102
4024|59|12380.193|23021.062
4024|81|60125.13|52868.785
48410|68|3330.0|5548.237
48652|17|4012.8|4990.583
39664|68|6320.0|5447.4624
39664|59|2900.0|2790.725
3010|59|8330.0|7257.015
50946|68|12630.0|8267.323
43705|17|17570.0|14658.502
24404|81|2430.0|7595.5728
86582|17|110120.0|90028.42
83472|59|99950.0|74861.234
77984|81|5452.785|3933.3286
13054|17|30279.912|20076.11
59317|17|8611.98|9741.961
83605|59|2830.0|12958.848
18976|32|11920.0|15710.432
42732|17|17860.0|20830.932
12257|17|3100.0|10341.429
4024|32|54111.684|45683.844
4024|17|19339.512|25920.172
4024|59|12785.233|18124.373
4024|81|23480.82|26127.7
39664|68|5650.0|4732.2896
43705|17|3300.0|4410.544
24404|32|19277.632|13603.977
24404|17|122.682|2523.352
24404|81|520.0|782.16077
86582|59|4409.8|10213.008
77984|59|2195.508|2808.1367
77984|81|2129.49|1492.8655
16692|32|26093.32|18705.557
83605|59|1660.0|7652.0366
84613|59|21650.0|17336.783
37005|81|14142.88|5398.8545
4024|17|18669.552|21817.541
48410|87|1410.0|3097.183
48410|68|11830.0|8047.6924
48410|59|3140.0|3613.5325
39664|59|4405.0|2890.8591
39664|59|770.0|1865.2312
51822|17|28156.5|18109.932
93182|40|6372.45|5680.333
24404|32|16893.504|17152.5
24404|17|1340.739|6859.533
24404|17|1340.739|6859.533
12622|17|6349.5|7380.2383
86582|59|608.6|8443.627
83472|17|34100.0|39137.773
77984|17|3977.688|1710.1213
77984|81|5319.423|5002.988
13054|17|15960.912|9018.969
83605|59|2230.0|14277.575
10133|17|2380.0|4884.7563
75065|59|161.1|2882.2156
18976|32|15320.0|17307.922
25825|17|5120.976|6821.8486
20881|17|2569.0|6035.6694
9609|17|4823.6|4217.099
9609|17|4823.6|4217.099
9609|59|770.0|1746.2089
5696|59|10894.0|8278.837
4024|87|67250.0|61162.887
4024|40|5289.998|13298.813
63133|59|5730.0|6299.9946
48652|17|2633.4|4409.477
48652|59|4030.0|2002.0828
51822|17|15673.5|11482.627
38795|40|4485.6|5637.8047
70378|9|1180.0|1295.6053
86582|59|7123.0|8131.2744
83472|59|71010.0|58589.848
77984|81|5837.68|6259.6333
13054|81|11261.292|14518.02
16692|32|22912.6|19193.04
78846|59|4881.474|6805.819
59317|59|3978.102|5058.543
18976|32|18310.0|21164.818
20881|17|2772.0|6740.3276
9609|17|4296.6|3120.7676
37005|81|17357.44|7189.7896
48093|59|2347.488|1391.2118
4024|52|28960.0|27668.553
19067|59|1420.0|3440.1233
63133|59|2650.0|2162.0864
48652|59|2440.0|1536.6865
39664|68|3960.0|4344.7393
83472|17|37590.0|35701.63
16692|32|6617.1|12421.414
75065|59|1227.6|1510.7898
25825|17|4493.0|5327.521
20881|17|3073.0|7352.1714
9609|59|3220.0|2765.6357
80506|40|11625.264|8116.774
98814|32|28370.0|27194.857
4024|59|8045.219|9336.704
19067|59|610.0|2508.6719
93182|40|2787.4|3598.5469
24404|81|17000.0|18005.43
12622|17|478.125|3166.1267
78846|59|2460.471|2446.877
59317|59|2005.133|2332.8477
75065|59|1350.0|1183.9207
20881|17|1827.0|6188.2236
37005|81|6191.324|16849.105
15624|81|645.0|2011.4741
30423|17|5600.0|4288.3623
85203|59|4460.2|7734.6084
5142|52|3964.0|5168.9204
52182|17|1850.0|3667.1277
52182|17|1850.0|3667.1277
70112|17|670.0|14681.309
70112|17|670.0|14681.309
16864|59|64820.0|61429.027
95311|17|2519.4|5854.303
41398|17|7133.1|2054.6042
45347|17|1697.388|3018.5857
75023|17|1420.8|4213.1216
34922|9|2240.0|1505.9178
85984|17|52260.0|53496.617
33428|59|25358.4|14078.565
33428|59|25358.4|14078.565
70039|59|72387.7|32491.508
5462|81|894.565|-299.5976
29743|52|230.0|1050.5862
29743|52|2430.0|4181.3413
38910|81|8410.0|4545.4336
80600|52|3380.0|4903.3813
86248|17|4040.0|8839.5625
17321|59|898.5|3443.3462
17321|59|898.5|3443.3462
75236|59|818.3|1289.2788
28999|17|3980.0|2948.196
3184|59|671.3|676.9864
85203|59|4729.9|5664.508
64722|81|2660.0|1582.2222
34528|59|7280.0|9255.12
18958|17|540.0|1938.4373
4926|32|5510.0|7198.3545
22294|17|1320.0|2857.66
46205|17|600.0|973.4239
52441|17|2089.5|5483.1587
23006|17|2388.0|4432.6797
83363|17|604.8|1283.3381
34922|9|8220.0|7553.1226
85984|17|33690.0|32796.46
85414|17|2190.0|4827.4956
85414|59|35712.292|28940.133
79188|59|28755.352|29289.547
52008|8|53304.84|51856.39
95372|52|7960.0|5621.136
29743|52|420.0|-159.57959
80600|52|6260.0|5834.2466
80600|52|6260.0|5834.2466
35233|87|1320.0|2377.7896
71726|59|3795.0|4634.066
52845|59|3501.0|3157.027
94553|32|25160.0|25751.393
94553|32|25160.0|25751.393
40129|17|640.0|653.6541
917|59|4569.6|5770.029
5142|59|1080.4|1895.9099
5142|59|1080.4|1895.9099
77614|59|1512.375|5948.292
44837|68|2032.0|2290.0276
44837|68|2032.0|2290.0276
98118|17|3190.1|3085.2998
98118|59|2500.527|5693.4087
22768|59|3640.0|1989.0149
14424|94|1420.0|3125.3445
34528|59|6990.0|10081.681
10838|17|633.528|-616.8498
10838|17|633.528|-616.8498
22294|17|1170.0|1557.6312
52441|17|1263.5|3756.114
55258|17|4081.105|3851.5266
83363|17|378.0|584.0555
34922|9|5720.0|5224.7925
85984|32|37276.936|35486.195
85984|17|35750.0|33319.4
18372|32|9120.0|6622.5
85414|17|2160.0|3282.1206
70039|59|67051.35|25679.059
97942|68|5540.0|6087.3228
30628|81|5879.936|5452.671
86248|17|2000.0|4085.2292
51766|52|1943.612|1550.4856
59757|81|1520.0|2377.3767
34853|59|1436.6|5839.688
5142|52|4141.86|5454.3066
5142|52|4141.86|5454.3066
44837|68|2580.0|2421.9014
14424|94|1970.0|3149.9922
4926|32|6460.0|31910.533
4926|32|6460.0|31910.533
70112|17|250.0|3131.129
48667|17|3229.2|5601.787
76459|52|1829.413|17150.713
76459|26|87050.0|79179.805
88040|92|2490.0|3382.5562
10838|17|3007.165|2084.26
64329|59|2121.966|7717.5884
95678|59|99750.0|79132.45
28847|52|4780.449|3607.9956
33428|59|13023.472|10720.358
1190|59|10150.206|11163.497
70101|59|2640.704|27980.469
70039|59|59644.8|27980.469
28477|32|4330.871|6814.1323
25816|81|5331.4|5019.3457
29743|52|3440.0|5117.4766
779|81|5337.5|6794.059
20457|59|410.0|3535.146
75236|59|410.0|4799.7925
26443|17|1170.0|1310.7833
26443|17|1170.0|1310.7833
94553|32|23760.0|28416.168
18082|32|15480.0|20344.418
97172|59|2876.59|13801.996
85203|59|1964.356|3549.2458
32681|68|3558.0|4206.449
32681|68|3558.0|4206.449
5142|52|2197.615|1701.2878
5142|59|1430.788|1592.124
14424|94|1270.0|4487.9336
32896|94|11380.38|10123.947
86749|52|4795.0|8136.305
70112|17|660.0|4525.3228
16864|32|51230.156|40901.902
90230|17|21790.465|15066.844
48667|17|2499.284|2415.1265
76459|52|38173.354|29647.68
10838|17|1779.535|-409.36932
10838|17|1779.535|-409.36932
22294|17|2020.0|1262.1315
14056|17|953.53|2109.0984
64329|59|5102.823|4997.6406
30946|17|4393.48|4534.7964
34922|9|5300.0|5312.9126
85984|32|16009.844|15414.566
85984|59|18456.12|17763.707
33428|59|1142.288|8231.058
85414|59|19875.526|11286.206
70101|59|164.5|4700.4805
70039|59|43732.98|15614.511
48849|59|11546.22|12578.241
65920|81|1481.915|2515.4722
81554|32|2950.177|6139.7285
52008|8|46123.212|43122.37
25816|81|5226.52|3906.2039
95372|52|6000.0|2386.1384
51766|52|2520.958|1326.4209
17321|9|2080.0|1389.0581
9594|59|1133.6|1441.5964
69608|92|2950.0|3183.7856
86901|52|4564.84|7162.334
30423|17|4200.0|3162.8691
5142|17|1275.449|1207.5048
77614|59|836.602|813.0364
98118|59|1740.18|1649.6001
22768|59|3290.0|3029.4966
22768|59|3290.0|3029.4966
35819|52|2362.75|3229.6355
76459|15|26020.0|24280.484
76459|26|103610.0|94742.2
20082|15|5658.887|11105.295
88040|17|12790.0|11147.57
46205|17|540.0|1472.0182
64329|59|762.438|3464.8284
95678|17|46939.2|48315.01
95678|94|46060.0|46491.47
85984|32|25574.321|29569.402
18103|59|3100.0|9589.474
85414|59|12746.514|12821.36
70039|59|45685.17|44348.895
55611|81|9593.52|7870.1553
81554|32|3877.48|4505.717
95372|52|5140.0|4510.0186
78229|68|7550.0|6378.217
95396|68|5830.0|6538.277
61370|15|3790.0|7826.2524
30423|17|4520.0|3440.6692
5142|59|1835.219|927.17487
95018|59|1445.961|961.3951
98118|17|3976.4277|5048.8335
98118|59|2965.29|3153.9197
64722|81|3720.0|2806.018
14424|94|382.208|2229.199
4926|32|5600.0|7068.5527
50864|17|2040.0|3378.8115
50864|17|2040.0|3378.8115
20082|15|5197.6|7412.8467
95311|15|2802.4|4530.0957
88040|17|10070.0|10138.99
58478|17|1408.364|2296.2136
46205|17|410.0|1321.263
45347|17|445.704|-197.7845
95678|59|55520.0|57154.492
59544|59|11471.43|11050.463
33428|59|14540.736|12584.049
18103|59|2520.0|7702.8154
70039|59|32526.372|38990.387
81554|32|2746.045|3311.0723
92556|15|10630.44|9514.068
92556|32|6257.95|7645.978
27150|59|3245.0|2532.6985
20780|59|2516.0|2678.9604
17321|59|444.0|1046.0087
95974|81|1607.418|3591.729
95974|81|1607.418|3591.729
917|59|2250.0|3135.9272
2891|59|11961.3|8263.091
2891|59|11961.3|8263.091
3555|59|3373.7|5695.5874
72124|32|11755.0|7351.904
3091|81|22365.672|10179.469
3091|81|22365.672|10179.469
61928|81|19650.0|13260.262
45489|32|33329.835|30088.215
92218|68|6926.7|5711.104
11799|59|8800.0|10161.295
25422|59|2820.0|4086.3203
84948|68|8186.1|8353.624
80627|62|6714.684|14155.465
45773|32|27970.0|23110.826
35271|40|570.0|8600.931
19605|17|13770.0|14505.52
66052|81|12450.0|12929.672
58595|81|22480.0|19205.072
34512|59|57790.0|42790.074
87873|59|15377.76|11328.957
53137|81|6407.226|8107.553
19679|32|31075.996|21244.77
50093|17|5540.0|8699.518
38443|17|4525.16|4382.575
51130|59|12350.0|6950.327
13762|17|9311.4|10290.928
6454|59|14280.0|8316.638
22879|87|10800.0|9691.738
22879|17|5741.325|7855.9336
61177|52|54040.0|43525.85
42164|17|5550.0|8017.2056
48807|17|2114.84|2871.5378
18581|59|1599.696|3064.7708
88517|87|7850.0|9318.898
45489|32|38814.93|34482.17
45489|32|38814.93|34482.17
48877|52|17980.64|28941.951
84948|68|6470.1|4996.6123
77554|17|2526.0|5544.3125
77554|17|2526.0|5544.3125
9158|59|13920.0|10361.724
9158|59|13920.0|10361.724
25377|59|9367.0|14042.01
87873|59|28676.916|17694.738
87873|59|16068.456|16933.69
87873|59|16068.456|16933.69
53137|81|11437.921|12952.911
34977|4|8994.138|11536.542
69552|59|8436.717|6689.273
69552|65|12810.0|8592.318
69138|17|20080.0|15165.255
50093|17|7030.0|10598.599
59874|81|6660.0|9808.818
51130|59|14160.0|11941.907
56879|59|8120.0|8603.694
96414|17|5579.4|4231.96
39276|17|4024.0|10415.874
81397|17|2682.03|2981.944
27819|59|12320.0|17341.285
16488|32|11100.0|20571.252
24065|59|10500.0|7549.9287
24065|59|10500.0|7549.9287
61177|32|32150.0|38679.336
42164|17|6036.0|12025.326
42164|17|6036.0|12025.326
48807|17|2439.71|5795.869
55404|81|24890.334|8131.3506
37661|59|2317.215|5946.3237
3555|59|4711.55|8237.797
60667|40|1750.0|7355.054
72124|32|6368.8|6014.619
45489|32|24237.675|30277.852
92218|68|4936.8|4323.6494
37952|81|2780.0|5430.0967
80627|62|6471.522|9943.591
80627|43|10290.0|10259.537
86182|59|3840.0|3466.0059
94181|84|2317.095|3830.2546
48461|84|10494.198|7881.1816
45773|32|29910.0|21333.104
20934|59|748.8|3813.4507
84482|81|12040.0|9671.711
58595|81|11424.4|10590.768
50343|87|12350.0|8583.403
34977|4|9894.141|15250.134
34977|4|9894.141|15250.134
19679|81|10545.6|11829.5625
69552|59|2375.163|2581.3716
69552|65|7800.0|6452.6836
65838|59|1941.513|3216.62
69138|17|15800.0|11567.924
80485|59|3100.0|3873.8516
38443|17|2800.965|4283.81
51130|59|8120.0|5276.955
13762|17|6800.0|5262.6567
22879|17|8917.125|6629.511
39276|17|2040.0|3379.635
61177|17|31900.0|25945.58
91094|59|4562.152|4800.193
2891|59|2601.368|7419.46
60667|40|1370.0|7770.2085
23846|59|7068.0|6208.833
3091|81|27007.902|20739.201
88517|87|6870.0|9448.722
61928|81|5256.908|10544.71
61928|81|5256.908|10544.71
45489|32|36972.45|34559.246
48877|32|54317.55|40439.348
48877|32|54317.55|40439.348
62968|59|449.4|4099.084
14843|62|33908.834|28324.377
80627|9|39980.0|31069.674
80627|8|20174.436|26143.834
80627|43|12845.124|9964.94
86182|65|4650.0|3449.1138
86182|84|704.217|3419.9902
94181|84|2095.445|5316.023
48461|84|9490.338|17115.969
48461|84|9490.338|17115.969
45773|32|32360.0|30143.645
87293|32|34489.8|27858.152
4334|59|13550.0|5608.75
4334|59|13550.0|5608.75
33486|55|9200.0|13423.931
20934|59|2361.6|5776.6157
20934|59|2361.6|5776.6157
43254|59|7229.9|6727.447
85946|59|2822.964|5450.1357
87873|59|16895.988|10107.475
50343|87|17390.0|16174.516
50343|17|4160.0|6407.681
34977|4|3540.026|7308.809
19679|32|29640.85|22640.367
69552|59|4970.781|3933.0398
38443|17|5526.61|5115.6226
27761|59|6110.0|7890.811
56879|59|9500.0|5942.5864
81397|17|5538.63|3806.8848
27819|59|5560.0|14964.079
16488|32|13610.0|16022.561
61177|52|2830.0|6796.4023
37661|59|8284.32|7087.617
18581|59|1194.6|3445.2183
3091|81|28248.561|25119.926
33248|81|30103.5|35257.277
48877|52|27367.72|35713.08
68089|26|20830.0|24070.443
797|59|29040.0|22966.195
92218|94|1820.0|6117.5527
84183|59|3140.0|3437.4436
14843|87|82940.0|72942.24
86182|84|693.72|2295.1943
48461|84|8296.44|8564.105
77554|17|1760.85|4084.7922
87293|32|27758.7|24563.736
20934|59|10864.8|8649.619
43254|59|9342.725|7822.712
61076|23|2096.18|12668.554
61076|23|2096.18|12668.554
85946|59|3647.931|7423.902
25377|59|7981.5|9903.853
50343|87|14390.0|13379.772
19679|15|16200.0|14048.632
19679|32|25764.975|18033.836
19679|52|14580.0|14209.229
69552|65|5150.0|7632.4834
80485|59|3940.0|6492.4424
59874|81|6010.0|9842.929
38443|17|3822.0|6099.335
25846|59|1001.616|2767.9922
27761|59|5190.0|7301.9766
47532|26|1692.18|4101.5117
22879|87|10530.0|13297.074
22879|17|9918.45|7599.4917
5498|15|5270.0|6681.882
48438|17|1955.1|1461.3306
39081|17|5124.48|5402.8906
16488|32|16910.0|17913.27
61177|32|44660.0|38617.332
42164|17|4656.0|5491.079
60667|40|3400.0|4735.365
3091|81|11225.35|12755.123
48877|52|33667.92|37104.16
68089|26|11750.0|14686.678
84183|59|2540.0|4534.383
25422|68|4188.8|2879.1052
14843|62|6862.4|16832.365
80627|62|1137.6|6002.1104
80627|43|12325.944|12645.123
48461|84|15783.83|13209.345
45773|32|45140.0|36528.957
16921|40|18070.0|16533.107
77661|32|777.195|10014.013
20934|59|1972.8|2817.7441
66052|81|7949.928|10108.951
77330|81|13700.0|10942.297
62629|23|10055.37|7189.151
34512|59|29720.0|29309.254
87873|59|15156.216|14003.98
87873|32|11776.125|11396.618
53137|26|3816.96|9032.258
19679|15|17920.0|20786.666
19679|52|17780.0|14752.515
19679|81|17572.8|16460.889
69552|59|4458.942|3603.454
69552|59|4458.942|3603.454
69552|65|7150.0|4597.5405
8623|26|1853.5|3059.5698
8623|26|1853.5|3059.5698
62606|26|1516.5|3198.7747
65838|59|3644.842|3305.0342
69138|17|14030.0|11015.521
80485|59|2780.0|4455.296
6454|94|6890.0|14461.6875
22879|17|6061.275|5756.1567
23421|17|1142.4|3876.671
48438|17|1724.8|1274.6659
96414|17|1795.2|1832.1255
39276|17|2532.0|2538.0725
61177|17|32060.0|37746.4
61177|52|31250.0|31655.246
60635|81|7090.0|8458.262
44713|59|1930.0|4059.0884
91094|59|8187.823|5962.049
37661|59|8413.02|6053.11
72124|32|8608.452|4676.464
23846|59|6891.3|7583.2983
48877|32|124620.262|117617.32
48877|52|37369.56|47034.516
68089|52|48340.44|52905.02
14843|43|16899.064|15946.239
80627|9|61420.0|63446.926
80627|9|61420.0|63446.926
87664|59|92.4|3998.2864
87293|32|26133.48|19925.537
87293|32|26133.48|19925.537
16921|40|18460.0|23077.014
76134|26|9197.031|6835.3213
25377|59|2660.5|6312.471
77330|81|12684.686|9841.805
62629|81|16801.0|18946.85
87873|59|13481.604|14929.133
87873|59|16485.48|18847.197
50343|87|12920.0|12781.741
34977|4|2359.44|3726.5076
19679|15|17980.0|15998.777
69552|59|3966.273|4946.1973
69552|59|3966.273|4946.1973
69552|65|7830.0|4736.7593
65838|59|3964.51|6399.6753
70449|59|8570.0|6463.649
50093|17|4640.0|5157.0986
76977|81|5780.0|6208.2104
22879|87|14150.0|12579.263
23421|17|816.0|4364.85
5498|15|5710.0|5327.6343
48438|17|1675.8|2018.5048
42164|17|1854.0|2562.6682
52475|59|6050.0|8138.646
86193|59|10290.0|10134.556
66551|17|4300.0|2701.9998
66551|17|4300.0|2701.9998
25671|52|2654.2|3865.187
25671|15|13312.22|13161.664
66667|32|14800.0|15514.085
52304|52|18400.0|23719.537
66350|32|17470.0|16431.17
82928|15|29880.0|27038.314
63365|59|14160.0|13374.04
52973|43|1970.0|2444.8755
52973|43|9820.0|12222.858
89602|32|10692.5|13134.317
4032|87|2370.0|3375.494
79247|59|10220.0|33440.516
29262|17|17032.4|14306.609
37371|32|7456.8|14765.206
70754|59|33946.605|31544.87
20041|65|25930.0|32621.248
2360|59|43934.4|45604.56
52475|59|7530.0|7777.989
88005|52|11096.775|10235.968
54128|17|5204.494|4879.39
8413|17|4083.179|4801.5464
66350|32|18540.0|18947.584
16785|15|4920.0|4558.292
56971|59|30170.0|25590.432
76588|32|25930.0|19928.285
39112|32|30634.5|28036.326
4032|87|4310.0|11532.405
4032|87|4310.0|11532.405
93168|59|8988.0|9248.996
38025|59|35900.0|28661.533
44150|9|8750.0|5600.655
8954|32|5181.498|11634.163
11220|17|4170.0|7138.58
20041|59|77783.302|39426.016
20041|59|77783.302|39426.016
4377|9|8851.18|8837.329
2821|59|12900.0|12863.197
18410|32|3111.5|1786.5844
88005|52|9657.0|9524.718
50799|17|3790.278|6372.4434
84270|17|4920.0|3421.314
49778|52|3456.0|2064.658
25671|52|2944.0|3251.177
25671|15|16137.256|12878.551
90366|17|8650.0|12180.455
66350|59|12270.0|10796.553
76588|32|24030.0|18638.344
52973|43|3860.0|6940.191
93168|59|2552.0|2956.0198
55823|59|1914.0|3678.3809
20041|59|39483.159|30307.12
38512|17|22364.79|16237.159
50486|59|6007.6|10380.593
10376|59|34027.55|22102.07
38454|32|4115.7|4645.9453
52475|59|5650.0|6273.355
88005|52|441.0|1671.6311
8413|17|4306.932|796.54675
8413|17|4306.932|796.54675
66551|17|4780.0|5542.6445
49778|52|3369.6|1800.7975
25671|52|2870.4|2770.0793
25671|15|12560.232|9732.721
16785|52|49.0|65.78955
16785|52|1371.0|3980.4136
55497|59|7480.0|14239.032
55497|59|7480.0|14239.032
17043|23|11980.0|7383.168
39112|32|31434.0|25647.71
44150|59|20640.0|7536.95
73831|32|1874.736|16417.783
20041|40|27343.167|36304.57
5760|40|8686.833|7695.702
80942|17|19521.06|21907.334
10376|59|53234.76|41731.41
84270|17|2930.0|6074.996
25671|15|4844.568|6754.401
63812|40|4504.7|7175.6807
65375|32|12180.0|10963.419
16785|52|1063.0|2995.567
82928|32|5930.0|12734.67
56971|32|28420.0|19322.213
76588|59|7920.0|12145.298
71764|23|85.456|-2575.4827
51387|23|620.144|-937.07605
89602|32|10587.5|9420.3955
4032|87|3780.0|4749.14
93168|59|6184.0|7328.697
67743|59|4638.0|6065.019
38025|59|20740.0|14319.315
79247|32|30510.0|11706.203
70754|59|13159.624|14440.676
20041|59|45120.376|33902.67
38454|32|4289.1|3734.5645
52475|59|3230.0|5748.909
88005|52|10750.2|11337.762
13154|15|17657.423|14534.408
84270|17|2430.0|2472.0725
66350|59|23700.0|20564.572
16785|81|4340.0|3624.2234
82928|15|28190.0|18542.771
82928|32|13070.0|18165.4
56971|32|36253.0|29540.303
76588|32|25600.0|23510.371
55497|59|6520.0|10564.691
71764|87|16960.0|16770.246
71764|94|5840.0|9414.168
4032|87|2820.0|3398.4316
73831|32|1226.277|2621.8813
10925|9|18550.0|21823.816
37371|32|4191.954|8369.298
70754|59|15564.394|17176.88
20041|40|15231.123|19912.965
84051|15|4740.0|12418.275
5062|9|24.5|-0.9245181
10376|59|1351.23|30502.68
10376|59|1351.23|30502.68
31153|32|0.718|66.88395
38454|32|3732.882|3702.822
13154|15|12918.439|12179.805
25671|9|5860.0|7502.035
25690|87|9400.0|5405.0337
5897|15|13158.828|11759.472
63812|40|3116.61|1920.3314
65375|32|13602.0|11358.554
66350|32|16270.0|16155.313
16785|15|5680.0|7970.1733
52973|43|7430.0|7006.7495
39112|32|20208.5|21114.215
55823|59|2808.0|3886.1416
38025|59|19770.0|14237.923
8954|32|4381.832|4738.258
29262|23|11121.936|14080.393
89417|59|48168.0|22447.613
11220|17|3950.0|7966.7183
2360|59|23654.886|8550.144
2360|59|23654.886|8550.144
52160|94|13100.0|17263.498
50486|59|10593.8|12288.666
3014|17|820.0|2315.9983
97661|68|15290.0|11186.516
43369|17|1494.0|3909.6611
43369|17|1494.0|3909.6611
77964|87|605.5|2105.2014
13531|68|256.8|3710.6167
31565|68|18480.0|10733.595
84287|59|276.36|1067.5198
85738|68|620.6|5756.6543
53833|68|6828.0|5806.109
13981|68|22630.0|16429.592
95289|17|632.8|3587.359
59397|40|14939.03|17801.51
15217|59|3816.0|4634.3784
3643|40|5880.0|5034.713
36258|17|9480.0|9132.203
47033|59|6720.0|4684.1245
60871|81|12300.0|9050.129
59939|17|52170.0|32346.78
86271|40|1720.0|7118.486
86271|40|1720.0|7118.486
31551|59|6250.81|7149.859
2030|68|2730.0|2905.0476
2030|59|1660.0|1368.0056
72803|40|7505.408|13357.943
45680|59|13850.0|11576.744
69003|17|11850.0|9353.463
69003|59|26310.0|10720.157
69003|59|26310.0|10720.157
71755|59|5630.0|6755.2266
86011|59|3150.0|4232.633
3316|68|1380.0|132.70256
54183|87|2610.0|2632.6516
13531|68|60.0|1899.6041
22092|59|3670.0|4002.223
90227|17|1180.0|4147.0054
86108|43|4000.0|1719.5216
85738|68|145.0|3315.1187
53833|68|4368.632|4447.8936
48223|17|7670.0|9112.313
52363|59|6160.0|6820.687
47829|92|14060.0|7855.602
47829|92|14060.0|7855.602
47829|17|1658.0|5409.4116
28137|87|18520.0|16522.316
67186|32|8496.0|7974.8813
47033|59|9050.0|5024.9097
25003|59|2590.0|5289.15
91845|59|6310.0|3947.6282
91845|59|6310.0|3947.6282
92933|17|1253.0|4060.2493
59939|17|58080.0|28447.506
59939|81|3850.0|8866.368
86271|87|2190.0|5208.6416
86542|59|6307.792|1976.7864
2030|68|2240.0|984.6648
45680|59|9070.0|11582.948
45680|59|9070.0|11582.948
97661|68|9450.0|6355.356
90227|17|2330.0|3246.6
19949|59|3350.0|4623.731
98248|87|2260.0|2436.7078
13981|68|14780.0|11291.812
96379|87|2350.0|3098.9568
96379|87|2350.0|3098.9568
93922|87|24930.0|20778.014
59397|40|15300.0|14795.864
52363|59|3670.0|3462.4526
48827|59|4240.0|6485.6577
47829|92|9860.0|7431.8525
47829|17|978.0|1575.6857
28137|59|2520.335|7547.096
86916|40|28650.0|23375.5
97437|59|2484.084|2270.3533
79459|17|13090.0|5684.6953
15217|32|5340.0|6918.9805
41827|59|2049.6|3646.013
31012|68|4698.0|7176.071
9925|26|12620.0|12194.25
67186|32|5536.095|7486.17
36258|17|5890.0|9722.277
60871|59|9030.0|8753.171
91845|59|6050.0|2296.854
39040|81|16700.0|15436.07
64845|59|1250.0|1221.6039
59939|17|23280.0|27625.74
59939|52|5790.0|13736.437
86271|87|5600.0|6019.8574
86271|40|1760.0|4629.09
72175|59|1673.1|1664.792
2030|59|650.0|1329.2914
72803|26|26360.0|18857.65
97661|68|11890.0|7898.7314
3316|68|660.0|4740.66
54183|87|6030.0|3982.109
54183|87|6030.0|3982.109
22092|59|5520.0|5538.4473
19949|59|5010.0|6322.757
19949|59|5010.0|6322.757
84287|59|1100.102|3734.7078
52413|92|6480.0|3678.3538
53833|68|7043.648|8288.409
53833|68|7043.648|8288.409
3710|59|1993.02|4029.7915
3710|59|1993.02|4029.7915
96379|87|5010.0|5948.012
93922|87|56250.0|53005.88
59397|40|12100.0|17110.898
48827|17|8576.0|10509.193
48827|17|33792.0|29994.074
93498|59|61110.0|46361.668
31012|68|17511.94|18442.47
67186|32|8567.943|10445.109
13581|17|12384.0|9216.488
36258|17|8820.0|9407.912
98490|59|4166.4|3552.2869
95476|81|16150.0|20484.924
47561|17|5490.0|7637.287
28156|59|14530.0|12933.892
86271|87|12490.0|8986.272
86271|40|2250.0|6545.826
34775|81|2030.0|7029.243
72175|59|3151.72|4280.667
36331|59|5785.5|7504.5
31551|59|6993.292|10755.955
22630|59|1681.13|8948.665
72803|26|26710.0|27093.04
45680|59|17200.0|13142.697
69003|59|43300.0|32865.195
71755|59|3520.0|5231.488
3316|68|1655.214|4092.5674
77964|87|1053.5|822.4506
68971|43|9230.0|8445.186
84287|59|545.166|775.8485
52413|92|5100.0|3759.1377
63987|68|3434.544|6975.304
53833|68|4385.456|6650.9604
96379|87|3950.0|5532.017
93922|87|49510.0|42329.227
47829|17|1590.0|4279.1216
47829|17|1590.0|4279.1216
28137|87|27290.0|25919.914
28137|59|4204.78|11029.2
93498|59|42000.0|31825.133
86916|40|16680.0|20377.957
3643|40|5330.0|8939.757
95476|17|31330.0|24174.799
95476|59|12395.22|15713.74
95476|81|16090.0|17403.15
39040|81|800.0|5723.356
76949|32|2140.776|5066.734
28156|59|7740.0|8182.6426
86271|40|1380.0|3618.9048
86271|59|1380.0|4938.4326
31551|59|4305.761|6652.8823
72803|26|16520.0|22764.879
1885|59|1920.0|6219.5386
97661|68|5120.0|5263.549
77964|87|1715.0|-109.1671
25887|68|1104.782|3080.7737
68971|68|1652.896|3335.6697
31565|68|5872.0|5206.2046
84287|59|1076.009|556.1363
38645|68|1468.0|1331.1427
38645|68|1468.0|1331.1427
17818|17|180.6|438.36658
17378|17|216.806|438.36658
63987|68|3825.432|3081.7446
98248|87|2890.0|2429.401
3710|59|1453.991|1834.1067
52363|59|3860.0|2279.2102
48827|17|3256.0|5870.3345
48827|17|27208.0|20102.527
48827|17|27208.0|20102.527
47829|17|814.0|3321.1108
28137|59|3067.463|4892.475
97437|59|4557.176|3869.6262
97437|38|18370.0|21620.729
15217|23|6490.0|10288.935
98490|59|3231.6|1742.5266
60871|40|15990.0|19922.43
86542|59|1392.712|1289.597
31551|59|2102.336|2636.7002
72803|26|43270.0|36098.035
69003|59|12250.0|9645.43
3316|68|1091.046|2286.6724
3316|68|1091.046|2286.6724
34407|92|594.0|3990.226
31565|68|9776.0|8827.348
13040|9|21850.0|17240.17
72252|17|309.43|597.7118
72252|17|309.43|597.7118
17818|17|231.0|577.21814
93922|87|71550.0|65474.656
93922|59|33060.0|30156.22
59397|40|23230.0|18760.082
47829|17|1806.0|4090.4368
28137|87|30100.0|26173.705
86916|40|40610.0|41436.85
13581|17|8244.0|5978.778
13581|17|8244.0|5978.778
36258|17|5450.0|6391.1836
60871|81|11640.0|9917.587
60871|59|12670.0|11058.509
60871|81|12410.0|15499.718
95476|68|5552.4|8386.637
95476|17|24300.0|28350.953
95476|17|24300.0|28350.953
95476|59|12432.555|13410.359
95476|81|24910.0|18869.316
95476|81|24910.0|18869.316
92933|17|916.0|1463.8768
18515|32|416.78|50.45243
76949|32|1987.72|-67.01633
76949|32|1987.72|-67.01633
74410|32|14230.0|18487.13
86271|59|1500.0|5210.0483
36331|59|3860.8|4372.0938
31551|59|4663.44|6004.331
72803|59|20800.0|22098.621
